year,unemployment,key
2021,0.027999999999999997,01001
2021,0.03,01003
2021,0.057,01005
2021,0.035,01007
2021,0.024,01009
2021,0.04,01011
2021,0.053,01013
2021,0.040999999999999995,01015
2021,0.037000000000000005,01017
2021,0.025,01019
2021,0.028999999999999998,01021
2021,0.044000000000000004,01023
2021,0.06,01025
2021,0.027000000000000003,01027
2021,0.026000000000000002,01029
2021,0.027999999999999997,01031
2021,0.04,01033
2021,0.048,01035
2021,0.031,01037
2021,0.03,01039
2021,0.033,01041
2021,0.024,01043
2021,0.031,01045
2021,0.07400000000000001,01047
2021,0.025,01049
2021,0.027000000000000003,01051
2021,0.040999999999999995,01053
2021,0.040999999999999995,01055
2021,0.031,01057
2021,0.025,01059
2021,0.027999999999999997,01061
2021,0.069,01063
2021,0.057,01065
2021,0.032,01067
2021,0.034,01069
2021,0.028999999999999998,01071
2021,0.036000000000000004,01073
2021,0.03,01075
2021,0.032,01077
2021,0.028999999999999998,01079
2021,0.027999999999999997,01081
2021,0.025,01083
2021,0.092,01085
2021,0.06,01087
2021,0.027000000000000003,01089
2021,0.042,01091
2021,0.027999999999999997,01093
2021,0.024,01095
2021,0.047,01097
2021,0.055999999999999994,01099
2021,0.049,01101
2021,0.026000000000000002,01103
2021,0.083,01105
2021,0.040999999999999995,01107
2021,0.032,01109
2021,0.027000000000000003,01111
2021,0.031,01113
2021,0.026000000000000002,01115
2021,0.021,01117
2021,0.045,01119
2021,0.040999999999999995,01121
2021,0.04,01123
2021,0.036000000000000004,01125
2021,0.036000000000000004,01127
2021,0.047,01129
2021,0.11,01131
2021,0.027999999999999997,01133
2021,0.023,02013
2021,0.036000000000000004,02016
2021,0.057999999999999996,02020
2021,0.131,02050
2021,0.055999999999999994,02060
2021,0.067,02063
2021,0.08900000000000001,02066
2021,0.10099999999999999,02068
2021,0.08199999999999999,02070
2021,0.05,02090
2021,0.113,02100
2021,0.09300000000000001,02105
2021,0.047,02110
2021,0.073,02122
2021,0.07400000000000001,02130
2021,0.064,02150
2021,0.19899999999999998,02158
2021,0.08900000000000001,02164
2021,0.068,02170
2021,0.09699999999999999,02180
2021,0.063,02185
2021,0.115,02188
2021,0.07,02195
2021,0.08,02198
2021,0.045,02220
2021,0.142,02230
2021,0.066,02240
2021,0.075,02275
2021,0.071,02282
2021,0.124,02290
2021,0.091,04001
2021,0.048,04003
2021,0.06,04005
2021,0.05,04007
2021,0.040999999999999995,04009
2021,0.04,04011
2021,0.051,04012
2021,0.045,04013
2021,0.055,04015
2021,0.065,04017
2021,0.05,04019
2021,0.047,04021
2021,0.087,04023
2021,0.040999999999999995,04025
2021,0.129,04027
2021,0.034,05001
2021,0.07400000000000001,05003
2021,0.037000000000000005,05005
2021,0.027999999999999997,05007
2021,0.03,05009
2021,0.047,05011
2021,0.033,05013
2021,0.034,05015
2021,0.086,05017
2021,0.047,05019
2021,0.04,05021
2021,0.046,05023
2021,0.04,05025
2021,0.053,05027
2021,0.042,05029
2021,0.033,05031
2021,0.036000000000000004,05033
2021,0.054000000000000006,05035
2021,0.044000000000000004,05037
2021,0.040999999999999995,05039
2021,0.059000000000000004,05041
2021,0.05,05043
2021,0.035,05045
2021,0.037000000000000005,05047
2021,0.036000000000000004,05049
2021,0.05,05051
2021,0.032,05053
2021,0.034,05055
2021,0.035,05057
2021,0.039,05059
2021,0.032,05061
2021,0.039,05063
2021,0.054000000000000006,05065
2021,0.052000000000000005,05067
2021,0.066,05069
2021,0.047,05071
2021,0.057999999999999996,05073
2021,0.043,05075
2021,0.055999999999999994,05077
2021,0.046,05079
2021,0.045,05081
2021,0.042,05083
2021,0.033,05085
2021,0.031,05087
2021,0.043,05089
2021,0.048,05091
2021,0.07200000000000001,05093
2021,0.053,05095
2021,0.048,05097
2021,0.04,05099
2021,0.03,05101
2021,0.039,05103
2021,0.040999999999999995,05105
2021,0.077,05107
2021,0.044000000000000004,05109
2021,0.039,05111
2021,0.044000000000000004,05113
2021,0.04,05115
2021,0.037000000000000005,05117
2021,0.049,05119
2021,0.039,05121
2021,0.062,05123
2021,0.031,05125
2021,0.033,05127
2021,0.042,05129
2021,0.037000000000000005,05131
2021,0.044000000000000004,05133
2021,0.049,05135
2021,0.05,05137
2021,0.061,05139
2021,0.049,05141
2021,0.028999999999999998,05143
2021,0.04,05145
2021,0.05,05147
2021,0.04,05149
2021,0.061,06001
2021,0.081,06003
2021,0.07,06005
2021,0.069,06007
2021,0.057,06009
2021,0.125,06011
2021,0.064,06013
2021,0.076,06015
2021,0.057,06017
2021,0.092,06019
2021,0.069,06021
2021,0.062,06023
2021,0.17300000000000001,06025
2021,0.059000000000000004,06027
2021,0.1,06029
2021,0.096,06031
2021,0.076,06033
2021,0.059000000000000004,06035
2021,0.08900000000000001,06037
2021,0.08800000000000001,06039
2021,0.045,06041
2021,0.08,06043
2021,0.062,06045
2021,0.10400000000000001,06047
2021,0.071,06049
2021,0.068,06051
2021,0.083,06053
2021,0.06,06055
2021,0.055999999999999994,06057
2021,0.06,06059
2021,0.05,06061
2021,0.095,06063
2021,0.073,06065
2021,0.07,06067
2021,0.07200000000000001,06069
2021,0.07400000000000001,06071
2021,0.065,06073
2021,0.05,06075
2021,0.087,06077
2021,0.052000000000000005,06079
2021,0.046,06081
2021,0.057999999999999996,06083
2021,0.047,06085
2021,0.069,06087
2021,0.068,06089
2021,0.06,06091
2021,0.081,06093
2021,0.075,06095
2021,0.055,06097
2021,0.084,06099
2021,0.09,06101
2021,0.07200000000000001,06103
2021,0.063,06105
2021,0.107,06107
2021,0.073,06109
2021,0.062,06111
2021,0.057999999999999996,06113
2021,0.085,06115
2021,0.062,08001
2021,0.055,08003
2021,0.057999999999999996,08005
2021,0.049,08007
2021,0.021,08009
2021,0.061,08011
2021,0.044000000000000004,08013
2021,0.045,08014
2021,0.04,08015
2021,0.023,08017
2021,0.055,08019
2021,0.048,08021
2021,0.06,08023
2021,0.052000000000000005,08025
2021,0.04,08027
2021,0.053,08029
2021,0.059000000000000004,08031
2021,0.047,08033
2021,0.040999999999999995,08035
2021,0.044000000000000004,08037
2021,0.038,08039
2021,0.055999999999999994,08041
2021,0.069,08043
2021,0.047,08045
2021,0.062,08047
2021,0.042,08049
2021,0.037000000000000005,08051
2021,0.036000000000000004,08053
2021,0.08199999999999999,08055
2021,0.033,08057
2021,0.05,08059
2021,0.033,08061
2021,0.03,08063
2021,0.044000000000000004,08065
2021,0.052000000000000005,08067
2021,0.047,08069
2021,0.065,08071
2021,0.042,08073
2021,0.044000000000000004,08075
2021,0.057,08077
2021,0.05,08079
2021,0.048,08081
2021,0.055999999999999994,08083
2021,0.05,08085
2021,0.049,08087
2021,0.061,08089
2021,0.045,08091
2021,0.040999999999999995,08093
2021,0.028999999999999998,08095
2021,0.055,08097
2021,0.045,08099
2021,0.079,08101
2021,0.055,08103
2021,0.065,08105
2021,0.042,08107
2021,0.059000000000000004,08109
2021,0.035,08111
2021,0.05,08113
2021,0.037000000000000005,08115
2021,0.04,08117
2021,0.049,08119
2021,0.032,08121
2021,0.057,08123
2021,0.027000000000000003,08125
2021,0.061,09001
2021,0.065,09003
2021,0.055,09005
2021,0.052000000000000005,09007
2021,0.066,09009
2021,0.069,09011
2021,0.051,09013
2021,0.062,09015
2021,0.062,10001
2021,0.053,10003
2021,0.048,10005
2021,0.066,11001
2021,0.037000000000000005,12001
2021,0.037000000000000005,12003
2021,0.039,12005
2021,0.042,12007
2021,0.04,12009
2021,0.049,12011
2021,0.045,12013
2021,0.044000000000000004,12015
2021,0.057,12017
2021,0.035,12019
2021,0.037000000000000005,12021
2021,0.045,12023
2021,0.038,12027
2021,0.043,12029
2021,0.045,12031
2021,0.045,12033
2021,0.046,12035
2021,0.038,12037
2021,0.054000000000000006,12039
2021,0.037000000000000005,12041
2021,0.042,12043
2021,0.036000000000000004,12045
2021,0.06,12047
2021,0.048,12049
2021,0.061,12051
2021,0.051,12053
2021,0.059000000000000004,12055
2021,0.043,12057
2021,0.040999999999999995,12059
2021,0.047,12061
2021,0.046,12063
2021,0.042,12065
2021,0.04,12067
2021,0.047,12069
2021,0.042,12071
2021,0.042,12073
2021,0.045,12075
2021,0.042,12077
2021,0.049,12079
2021,0.039,12081
2021,0.049,12083
2021,0.036000000000000004,12085
2021,0.052000000000000005,12086
2021,0.03,12087
2021,0.034,12089
2021,0.033,12091
2021,0.040999999999999995,12093
2021,0.052000000000000005,12095
2021,0.063,12097
2021,0.043,12099
2021,0.044000000000000004,12101
2021,0.04,12103
2021,0.054000000000000006,12105
2021,0.061,12107
2021,0.03,12109
2021,0.049,12111
2021,0.035,12113
2021,0.038,12115
2021,0.040999999999999995,12117
2021,0.053,12119
2021,0.045,12121
2021,0.05,12123
2021,0.037000000000000005,12125
2021,0.046,12127
2021,0.032,12129
2021,0.035,12131
2021,0.045,12133
2021,0.036000000000000004,13001
2021,0.028999999999999998,13003
2021,0.032,13005
2021,0.049,13007
2021,0.048,13009
2021,0.026000000000000002,13011
2021,0.028999999999999998,13013
2021,0.035,13015
2021,0.052000000000000005,13017
2021,0.037000000000000005,13019
2021,0.05,13021
2021,0.05,13023
2021,0.036000000000000004,13025
2021,0.037000000000000005,13027
2021,0.028999999999999998,13029
2021,0.040999999999999995,13031
2021,0.057999999999999996,13033
2021,0.036000000000000004,13035
2021,0.04,13037
2021,0.032,13039
2021,0.03,13043
2021,0.037000000000000005,13045
2021,0.027000000000000003,13047
2021,0.032,13049
2021,0.043,13051
2021,0.045,13053
2021,0.048,13055
2021,0.026000000000000002,13057
2021,0.038,13059
2021,0.102,13061
2021,0.065,13063
2021,0.028999999999999998,13065
2021,0.033,13067
2021,0.040999999999999995,13069
2021,0.032,13071
2021,0.027000000000000003,13073
2021,0.034,13075
2021,0.034,13077
2021,0.037000000000000005,13079
2021,0.086,13081
2021,0.026000000000000002,13083
2021,0.027000000000000003,13085
2021,0.037000000000000005,13087
2021,0.046,13089
2021,0.042,13091
2021,0.073,13093
2021,0.064,13095
2021,0.044000000000000004,13097
2021,0.05,13099
2021,0.027000000000000003,13101
2021,0.028999999999999998,13103
2021,0.049,13105
2021,0.053,13107
2021,0.035,13109
2021,0.027999999999999997,13111
2021,0.028999999999999998,13113
2021,0.037000000000000005,13115
2021,0.025,13117
2021,0.037000000000000005,13119
2021,0.047,13121
2021,0.03,13123
2021,0.026000000000000002,13125
2021,0.038,13127
2021,0.032,13129
2021,0.031,13131
2021,0.037000000000000005,13133
2021,0.035,13135
2021,0.036000000000000004,13137
2021,0.027000000000000003,13139
2021,0.064,13141
2021,0.035,13143
2021,0.028999999999999998,13145
2021,0.039,13147
2021,0.039,13149
2021,0.042,13151
2021,0.036000000000000004,13153
2021,0.045,13155
2021,0.024,13157
2021,0.032,13159
2021,0.04,13161
2021,0.047,13163
2021,0.047,13165
2021,0.035,13167
2021,0.031,13169
2021,0.042,13171
2021,0.038,13173
2021,0.043,13175
2021,0.031,13177
2021,0.04,13179
2021,0.04,13181
2021,0.03,13183
2021,0.040999999999999995,13185
2021,0.027999999999999997,13187
2021,0.052000000000000005,13189
2021,0.037000000000000005,13191
2021,0.063,13193
2021,0.031,13195
2021,0.036000000000000004,13197
2021,0.053,13199
2021,0.03,13201
2021,0.05,13205
2021,0.031,13207
2021,0.040999999999999995,13209
2021,0.032,13211
2021,0.043,13213
2021,0.053,13215
2021,0.044000000000000004,13217
2021,0.022000000000000002,13219
2021,0.028999999999999998,13221
2021,0.03,13223
2021,0.047,13225
2021,0.027999999999999997,13227
2021,0.031,13229
2021,0.027999999999999997,13231
2021,0.036000000000000004,13233
2021,0.036000000000000004,13235
2021,0.04,13237
2021,0.049,13239
2021,0.031,13241
2021,0.052000000000000005,13243
2021,0.053,13245
2021,0.046,13247
2021,0.037000000000000005,13249
2021,0.055999999999999994,13251
2021,0.037000000000000005,13253
2021,0.047,13255
2021,0.043,13257
2021,0.038,13259
2021,0.057,13261
2021,0.045,13263
2021,0.05,13265
2021,0.032,13267
2021,0.057,13269
2021,0.07200000000000001,13271
2021,0.062,13273
2021,0.042,13275
2021,0.034,13277
2021,0.045,13279
2021,0.039,13281
2021,0.043,13283
2021,0.044000000000000004,13285
2021,0.064,13287
2021,0.051,13289
2021,0.027000000000000003,13291
2021,0.04,13293
2021,0.031,13295
2021,0.032,13297
2021,0.037000000000000005,13299
2021,0.047,13301
2021,0.05,13303
2021,0.037000000000000005,13305
2021,0.044000000000000004,13307
2021,0.055,13309
2021,0.025,13311
2021,0.039,13313
2021,0.046,13315
2021,0.047,13317
2021,0.042,13319
2021,0.04,13321
2021,0.055,15001
2021,0.053,15003
2021,0.078,15007
2021,0.073,15009
2021,0.033,16001
2021,0.066,16003
2021,0.036000000000000004,16005
2021,0.03,16007
2021,0.055999999999999994,16009
2021,0.032,16011
2021,0.036000000000000004,16013
2021,0.054000000000000006,16015
2021,0.048,16017
2021,0.028999999999999998,16019
2021,0.044000000000000004,16021
2021,0.038,16023
2021,0.034,16025
2021,0.04,16027
2021,0.031,16029
2021,0.028999999999999998,16031
2021,0.032,16033
2021,0.065,16035
2021,0.047,16037
2021,0.037000000000000005,16039
2021,0.025,16041
2021,0.028999999999999998,16043
2021,0.040999999999999995,16045
2021,0.031,16047
2021,0.049,16049
2021,0.027000000000000003,16051
2021,0.033,16053
2021,0.043,16055
2021,0.033,16057
2021,0.053,16059
2021,0.057,16061
2021,0.044000000000000004,16063
2021,0.022000000000000002,16065
2021,0.031,16067
2021,0.033,16069
2021,0.025,16071
2021,0.043,16073
2021,0.04,16075
2021,0.038,16077
2021,0.066,16079
2021,0.028999999999999998,16081
2021,0.036000000000000004,16083
2021,0.053,16085
2021,0.044000000000000004,16087
2021,0.039,17001
2021,0.081,17003
2021,0.046,17005
2021,0.085,17007
2021,0.025,17009
2021,0.05,17011
2021,0.048,17013
2021,0.042,17015
2021,0.049,17017
2021,0.048,17019
2021,0.054000000000000006,17021
2021,0.05,17023
2021,0.055,17025
2021,0.034,17027
2021,0.051,17029
2021,0.07,17031
2021,0.05,17033
2021,0.042,17035
2021,0.055999999999999994,17037
2021,0.049,17039
2021,0.037000000000000005,17041
2021,0.045,17043
2021,0.04,17045
2021,0.051,17047
2021,0.039,17049
2021,0.051,17051
2021,0.044000000000000004,17053
2021,0.066,17055
2021,0.057,17057
2021,0.061,17059
2021,0.046,17061
2021,0.053,17063
2021,0.043,17065
2021,0.043,17067
2021,0.067,17069
2021,0.04,17071
2021,0.049,17073
2021,0.047,17075
2021,0.054000000000000006,17077
2021,0.043,17079
2021,0.062,17081
2021,0.044000000000000004,17083
2021,0.044000000000000004,17085
2021,0.06,17087
2021,0.059000000000000004,17089
2021,0.065,17091
2021,0.047,17093
2021,0.066,17095
2021,0.053,17097
2021,0.06,17099
2021,0.061,17101
2021,0.045,17103
2021,0.049,17105
2021,0.048,17107
2021,0.049,17109
2021,0.047,17111
2021,0.046,17113
2021,0.077,17115
2021,0.045,17117
2021,0.049,17119
2021,0.057999999999999996,17121
2021,0.055999999999999994,17123
2021,0.054000000000000006,17125
2021,0.057999999999999996,17127
2021,0.040999999999999995,17129
2021,0.049,17131
2021,0.031,17133
2021,0.054000000000000006,17135
2021,0.05,17137
2021,0.035,17139
2021,0.057999999999999996,17141
2021,0.07200000000000001,17143
2021,0.057999999999999996,17145
2021,0.04,17147
2021,0.040999999999999995,17149
2021,0.051,17151
2021,0.09300000000000001,17153
2021,0.05,17155
2021,0.043,17157
2021,0.043,17159
2021,0.055999999999999994,17161
2021,0.061,17163
2021,0.066,17165
2021,0.055,17167
2021,0.039,17169
2021,0.051,17171
2021,0.042,17173
2021,0.055,17175
2021,0.055,17177
2021,0.05,17179
2021,0.057,17181
2021,0.065,17183
2021,0.045,17185
2021,0.046,17187
2021,0.03,17189
2021,0.047,17191
2021,0.05,17193
2021,0.048,17195
2021,0.057,17197
2021,0.055,17199
2021,0.084,17201
2021,0.04,17203
2021,0.022000000000000002,18001
2021,0.037000000000000005,18003
2021,0.028999999999999998,18005
2021,0.027000000000000003,18007
2021,0.037000000000000005,18009
2021,0.021,18011
2021,0.032,18013
2021,0.028999999999999998,18015
2021,0.036000000000000004,18017
2021,0.032,18019
2021,0.036000000000000004,18021
2021,0.027999999999999997,18023
2021,0.037000000000000005,18025
2021,0.023,18027
2021,0.03,18029
2021,0.027999999999999997,18031
2021,0.027000000000000003,18033
2021,0.039,18035
2021,0.024,18037
2021,0.025,18039
2021,0.044000000000000004,18041
2021,0.027999999999999997,18043
2021,0.028999999999999998,18045
2021,0.027000000000000003,18047
2021,0.033,18049
2021,0.025,18051
2021,0.037000000000000005,18053
2021,0.034,18055
2021,0.022000000000000002,18057
2021,0.026000000000000002,18059
2021,0.027000000000000003,18061
2021,0.025,18063
2021,0.032,18065
2021,0.062,18067
2021,0.03,18069
2021,0.03,18071
2021,0.035,18073
2021,0.027000000000000003,18075
2021,0.031,18077
2021,0.037000000000000005,18079
2021,0.026000000000000002,18081
2021,0.027999999999999997,18083
2021,0.027000000000000003,18085
2021,0.02,18087
2021,0.061,18089
2021,0.051,18091
2021,0.035,18093
2021,0.040999999999999995,18095
2021,0.044000000000000004,18097
2021,0.027000000000000003,18099
2021,0.025,18101
2021,0.044000000000000004,18103
2021,0.028999999999999998,18105
2021,0.026000000000000002,18107
2021,0.028999999999999998,18109
2021,0.038,18111
2021,0.033,18113
2021,0.025,18115
2021,0.042,18117
2021,0.036000000000000004,18119
2021,0.028999999999999998,18121
2021,0.031,18123
2021,0.034,18125
2021,0.039,18127
2021,0.026000000000000002,18129
2021,0.028999999999999998,18131
2021,0.031,18133
2021,0.028999999999999998,18135
2021,0.027999999999999997,18137
2021,0.027999999999999997,18139
2021,0.042,18141
2021,0.039,18143
2021,0.03,18145
2021,0.027000000000000003,18147
2021,0.043,18149
2021,0.025,18151
2021,0.038,18153
2021,0.035,18155
2021,0.033,18157
2021,0.03,18159
2021,0.024,18161
2021,0.036000000000000004,18163
2021,0.04,18165
2021,0.043,18167
2021,0.028999999999999998,18169
2021,0.026000000000000002,18171
2021,0.026000000000000002,18173
2021,0.031,18175
2021,0.036000000000000004,18177
2021,0.026000000000000002,18179
2021,0.026000000000000002,18181
2021,0.027000000000000003,18183
2021,0.031,19001
2021,0.03,19003
2021,0.046,19005
2021,0.043,19007
2021,0.032,19009
2021,0.045,19011
2021,0.046,19013
2021,0.035,19015
2021,0.032,19017
2021,0.037000000000000005,19019
2021,0.032,19021
2021,0.038,19023
2021,0.039,19025
2021,0.031,19027
2021,0.037000000000000005,19029
2021,0.038,19031
2021,0.043,19033
2021,0.034,19035
2021,0.036000000000000004,19037
2021,0.043,19039
2021,0.036000000000000004,19041
2021,0.051,19043
2021,0.053,19045
2021,0.052000000000000005,19047
2021,0.028999999999999998,19049
2021,0.033,19051
2021,0.033,19053
2021,0.033,19055
2021,0.063,19057
2021,0.039,19059
2021,0.044000000000000004,19061
2021,0.040999999999999995,19063
2021,0.047,19065
2021,0.043,19067
2021,0.037000000000000005,19069
2021,0.028999999999999998,19071
2021,0.034,19073
2021,0.036000000000000004,19075
2021,0.042,19077
2021,0.042,19079
2021,0.038,19081
2021,0.042,19083
2021,0.039,19085
2021,0.042,19087
2021,0.038,19089
2021,0.035,19091
2021,0.032,19093
2021,0.038,19095
2021,0.05,19097
2021,0.043,19099
2021,0.042,19101
2021,0.037000000000000005,19103
2021,0.045,19105
2021,0.044000000000000004,19107
2021,0.033,19109
2021,0.059000000000000004,19111
2021,0.05,19113
2021,0.043,19115
2021,0.031,19117
2021,0.023,19119
2021,0.045,19121
2021,0.037000000000000005,19123
2021,0.031,19125
2021,0.065,19127
2021,0.035,19129
2021,0.03,19131
2021,0.044000000000000004,19133
2021,0.040999999999999995,19135
2021,0.040999999999999995,19137
2021,0.047,19139
2021,0.03,19141
2021,0.024,19143
2021,0.040999999999999995,19145
2021,0.033,19147
2021,0.03,19149
2021,0.031,19151
2021,0.045,19153
2021,0.043,19155
2021,0.044000000000000004,19157
2021,0.034,19159
2021,0.033,19161
2021,0.054000000000000006,19163
2021,0.032,19165
2021,0.024,19167
2021,0.03,19169
2021,0.047,19171
2021,0.031,19173
2021,0.045,19175
2021,0.038,19177
2021,0.05,19179
2021,0.037000000000000005,19181
2021,0.038,19183
2021,0.037000000000000005,19185
2021,0.046,19187
2021,0.042,19189
2021,0.040999999999999995,19191
2021,0.043,19193
2021,0.042,19195
2021,0.040999999999999995,19197
2021,0.03,20001
2021,0.025,20003
2021,0.038,20005
2021,0.019,20007
2021,0.028999999999999998,20009
2021,0.037000000000000005,20011
2021,0.027000000000000003,20013
2021,0.035,20015
2021,0.024,20017
2021,0.04,20019
2021,0.028999999999999998,20021
2021,0.018000000000000002,20023
2021,0.018000000000000002,20025
2021,0.026000000000000002,20027
2021,0.027999999999999997,20029
2021,0.032,20031
2021,0.021,20033
2021,0.034,20035
2021,0.032,20037
2021,0.026000000000000002,20039
2021,0.03,20041
2021,0.027000000000000003,20043
2021,0.031,20045
2021,0.021,20047
2021,0.027999999999999997,20049
2021,0.019,20051
2021,0.022000000000000002,20053
2021,0.021,20055
2021,0.021,20057
2021,0.031,20059
2021,0.043,20061
2021,0.019,20063
2021,0.028999999999999998,20065
2021,0.03,20067
2021,0.017,20069
2021,0.012,20071
2021,0.027999999999999997,20073
2021,0.013999999999999999,20075
2021,0.026000000000000002,20077
2021,0.028999999999999998,20079
2021,0.018000000000000002,20081
2021,0.018000000000000002,20083
2021,0.026000000000000002,20085
2021,0.03,20087
2021,0.022000000000000002,20089
2021,0.027000000000000003,20091
2021,0.016,20093
2021,0.031,20095
2021,0.021,20097
2021,0.034,20099
2021,0.02,20101
2021,0.033,20103
2021,0.022000000000000002,20105
2021,0.043,20107
2021,0.016,20109
2021,0.027999999999999997,20111
2021,0.021,20113
2021,0.024,20115
2021,0.019,20117
2021,0.022000000000000002,20119
2021,0.028999999999999998,20121
2021,0.02,20123
2021,0.039,20125
2021,0.024,20127
2021,0.026000000000000002,20129
2021,0.018000000000000002,20131
2021,0.043,20133
2021,0.022000000000000002,20135
2021,0.018000000000000002,20137
2021,0.03,20139
2021,0.018000000000000002,20141
2021,0.027999999999999997,20143
2021,0.022000000000000002,20145
2021,0.021,20147
2021,0.025,20149
2021,0.022000000000000002,20151
2021,0.016,20153
2021,0.032,20155
2021,0.023,20157
2021,0.024,20159
2021,0.027999999999999997,20161
2021,0.024,20163
2021,0.024,20165
2021,0.024,20167
2021,0.03,20169
2021,0.016,20171
2021,0.046,20173
2021,0.027999999999999997,20175
2021,0.031,20177
2021,0.018000000000000002,20179
2021,0.025,20181
2021,0.017,20183
2021,0.022000000000000002,20185
2021,0.019,20187
2021,0.021,20189
2021,0.040999999999999995,20191
2021,0.018000000000000002,20193
2021,0.021,20195
2021,0.025,20197
2021,0.017,20199
2021,0.017,20201
2021,0.02,20203
2021,0.04,20205
2021,0.035,20207
2021,0.047,20209
2021,0.05,21001
2021,0.04,21003
2021,0.04,21005
2021,0.05,21007
2021,0.053,21009
2021,0.057999999999999996,21011
2021,0.057,21013
2021,0.038,21015
2021,0.039,21017
2021,0.062,21019
2021,0.05,21021
2021,0.047,21023
2021,0.086,21025
2021,0.052000000000000005,21027
2021,0.046,21029
2021,0.046,21031
2021,0.042,21033
2021,0.045,21035
2021,0.04,21037
2021,0.038,21039
2021,0.040999999999999995,21041
2021,0.078,21043
2021,0.040999999999999995,21045
2021,0.057999999999999996,21047
2021,0.044000000000000004,21049
2021,0.068,21051
2021,0.044000000000000004,21053
2021,0.043,21055
2021,0.035,21057
2021,0.043,21059
2021,0.051,21061
2021,0.084,21063
2021,0.052000000000000005,21065
2021,0.039,21067
2021,0.049,21069
2021,0.071,21071
2021,0.044000000000000004,21073
2021,0.053,21075
2021,0.043,21077
2021,0.045,21079
2021,0.045,21081
2021,0.044000000000000004,21083
2021,0.055999999999999994,21085
2021,0.037000000000000005,21087
2021,0.068,21089
2021,0.044000000000000004,21091
2021,0.047,21093
2021,0.086,21095
2021,0.039,21097
2021,0.044000000000000004,21099
2021,0.045,21101
2021,0.04,21103
2021,0.045,21105
2021,0.051,21107
2021,0.063,21109
2021,0.048,21111
2021,0.04,21113
2021,0.073,21115
2021,0.042,21117
2021,0.07200000000000001,21119
2021,0.062,21121
2021,0.049,21123
2021,0.045,21125
2021,0.064,21127
2021,0.055999999999999994,21129
2021,0.081,21131
2021,0.076,21133
2021,0.076,21135
2021,0.055999999999999994,21137
2021,0.061,21139
2021,0.038,21141
2021,0.045,21143
2021,0.05,21145
2021,0.057,21147
2021,0.043,21149
2021,0.040999999999999995,21151
2021,0.125,21153
2021,0.044000000000000004,21155
2021,0.047,21157
2021,0.09300000000000001,21159
2021,0.055,21161
2021,0.053,21163
2021,0.069,21165
2021,0.046,21167
2021,0.054000000000000006,21169
2021,0.04,21171
2021,0.053,21173
2021,0.057999999999999996,21175
2021,0.066,21177
2021,0.043,21179
2021,0.043,21181
2021,0.055,21183
2021,0.036000000000000004,21185
2021,0.043,21187
2021,0.07,21189
2021,0.040999999999999995,21191
2021,0.063,21193
2021,0.064,21195
2021,0.048,21197
2021,0.049,21199
2021,0.042,21201
2021,0.05,21203
2021,0.053,21205
2021,0.054000000000000006,21207
2021,0.037000000000000005,21209
2021,0.038,21211
2021,0.042,21213
2021,0.042,21215
2021,0.039,21217
2021,0.036000000000000004,21219
2021,0.051,21221
2021,0.048,21223
2021,0.044000000000000004,21225
2021,0.043,21227
2021,0.039,21229
2021,0.051,21231
2021,0.045,21233
2021,0.05,21235
2021,0.059000000000000004,21237
2021,0.034,21239
2021,0.049,22001
2021,0.055,22003
2021,0.042,22005
2021,0.07200000000000001,22007
2021,0.052000000000000005,22009
2021,0.040999999999999995,22011
2021,0.057,22013
2021,0.039,22015
2021,0.062,22017
2021,0.055999999999999994,22019
2021,0.046,22021
2021,0.035,22023
2021,0.051,22025
2021,0.049,22027
2021,0.059000000000000004,22029
2021,0.048,22031
2021,0.053,22033
2021,0.099,22035
2021,0.045,22037
2021,0.054000000000000006,22039
2021,0.057999999999999996,22041
2021,0.04,22043
2021,0.069,22045
2021,0.07200000000000001,22047
2021,0.038,22049
2021,0.06,22051
2021,0.047,22053
2021,0.045,22055
2021,0.046,22057
2021,0.033,22059
2021,0.043,22061
2021,0.038,22063
2021,0.067,22065
2021,0.073,22067
2021,0.047,22069
2021,0.083,22071
2021,0.05,22073
2021,0.043,22075
2021,0.057,22077
2021,0.04,22079
2021,0.043,22081
2021,0.052000000000000005,22083
2021,0.037000000000000005,22085
2021,0.068,22087
2021,0.05,22089
2021,0.092,22091
2021,0.07400000000000001,22093
2021,0.085,22095
2021,0.063,22097
2021,0.055999999999999994,22099
2021,0.067,22101
2021,0.038,22103
2021,0.064,22105
2021,0.059000000000000004,22107
2021,0.057999999999999996,22109
2021,0.048,22111
2021,0.05,22113
2021,0.046,22115
2021,0.059000000000000004,22117
2021,0.055,22119
2021,0.049,22121
2021,0.063,22123
2021,0.037000000000000005,22125
2021,0.048,22127
2021,0.049,23001
2021,0.057,23003
2021,0.04,23005
2021,0.053,23007
2021,0.05,23009
2021,0.043,23011
2021,0.044000000000000004,23013
2021,0.044000000000000004,23015
2021,0.055999999999999994,23017
2021,0.047,23019
2021,0.05,23021
2021,0.037000000000000005,23023
2021,0.063,23025
2021,0.047,23027
2021,0.065,23029
2021,0.045,23031
2021,0.064,24001
2021,0.047,24003
2021,0.057,24005
2021,0.046,24009
2021,0.047,24011
2021,0.042,24013
2021,0.052000000000000005,24015
2021,0.057,24017
2021,0.055999999999999994,24019
2021,0.048,24021
2021,0.052000000000000005,24023
2021,0.048,24025
2021,0.043,24027
2021,0.055,24029
2021,0.055,24031
2021,0.075,24033
2021,0.044000000000000004,24035
2021,0.045,24037
2021,0.076,24039
2021,0.053,24041
2021,0.054000000000000006,24043
2021,0.061,24045
2021,0.08199999999999999,24047
2021,0.076,24510
2021,0.067,25001
2021,0.067,25003
2021,0.065,25005
2021,0.065,25007
2021,0.064,25009
2021,0.05,25011
2021,0.076,25013
2021,0.047,25015
2021,0.046,25017
2021,0.077,25019
2021,0.051,25021
2021,0.061,25023
2021,0.06,25025
2021,0.059000000000000004,25027
2021,0.071,26001
2021,0.08,26003
2021,0.047,26005
2021,0.055,26007
2021,0.07,26009
2021,0.083,26011
2021,0.079,26013
2021,0.046,26015
2021,0.061,26017
2021,0.06,26019
2021,0.057999999999999996,26021
2021,0.05,26023
2021,0.066,26025
2021,0.051,26027
2021,0.06,26029
2021,0.083,26031
2021,0.065,26033
2021,0.08,26035
2021,0.044000000000000004,26037
2021,0.071,26039
2021,0.062,26041
2021,0.048,26043
2021,0.053,26045
2021,0.064,26047
2021,0.076,26049
2021,0.071,26051
2021,0.055,26053
2021,0.05,26055
2021,0.055999999999999994,26057
2021,0.055,26059
2021,0.05,26061
2021,0.054000000000000006,26063
2021,0.055999999999999994,26065
2021,0.048,26067
2021,0.07200000000000001,26069
2021,0.061,26071
2021,0.053,26073
2021,0.057,26075
2021,0.05,26077
2021,0.073,26079
2021,0.047,26081
2021,0.067,26083
2021,0.08199999999999999,26085
2021,0.061,26087
2021,0.052000000000000005,26089
2021,0.055,26091
2021,0.042,26093
2021,0.071,26095
2021,0.086,26097
2021,0.059000000000000004,26099
2021,0.073,26101
2021,0.054000000000000006,26103
2021,0.064,26105
2021,0.064,26107
2021,0.045,26109
2021,0.049,26111
2021,0.055999999999999994,26113
2021,0.06,26115
2021,0.055999999999999994,26117
2021,0.094,26119
2021,0.075,26121
2021,0.055999999999999994,26123
2021,0.047,26125
2021,0.07400000000000001,26127
2021,0.078,26129
2021,0.076,26131
2021,0.055,26133
2021,0.091,26135
2021,0.068,26137
2021,0.040999999999999995,26139
2021,0.079,26141
2021,0.096,26143
2021,0.071,26145
2021,0.059000000000000004,26147
2021,0.051,26149
2021,0.061,26151
2021,0.08,26153
2021,0.057,26155
2021,0.063,26157
2021,0.061,26159
2021,0.043,26161
2021,0.08,26163
2021,0.06,26165
2021,0.047,27001
2021,0.034,27003
2021,0.034,27005
2021,0.037000000000000005,27007
2021,0.043,27009
2021,0.035,27011
2021,0.031,27013
2021,0.031,27015
2021,0.04,27017
2021,0.027000000000000003,27019
2021,0.044000000000000004,27021
2021,0.03,27023
2021,0.037000000000000005,27025
2021,0.027000000000000003,27027
2021,0.057999999999999996,27029
2021,0.045,27031
2021,0.034,27033
2021,0.04,27035
2021,0.031,27037
2021,0.031,27039
2021,0.027999999999999997,27041
2021,0.038,27043
2021,0.03,27045
2021,0.035,27047
2021,0.032,27049
2021,0.037000000000000005,27051
2021,0.034,27053
2021,0.028999999999999998,27055
2021,0.040999999999999995,27057
2021,0.040999999999999995,27059
2021,0.047,27061
2021,0.031,27063
2021,0.053,27065
2021,0.036000000000000004,27067
2021,0.028999999999999998,27069
2021,0.044000000000000004,27071
2021,0.027999999999999997,27073
2021,0.036000000000000004,27075
2021,0.037000000000000005,27077
2021,0.040999999999999995,27079
2021,0.033,27081
2021,0.027000000000000003,27083
2021,0.034,27085
2021,0.059000000000000004,27087
2021,0.042,27089
2021,0.032,27091
2021,0.034,27093
2021,0.052000000000000005,27095
2021,0.044000000000000004,27097
2021,0.031,27099
2021,0.038,27101
2021,0.027999999999999997,27103
2021,0.028999999999999998,27105
2021,0.039,27107
2021,0.027999999999999997,27109
2021,0.034,27111
2021,0.037000000000000005,27113
2021,0.05,27115
2021,0.028999999999999998,27117
2021,0.038,27119
2021,0.027999999999999997,27121
2021,0.038,27123
2021,0.04,27125
2021,0.034,27127
2021,0.039,27129
2021,0.032,27131
2021,0.019,27133
2021,0.028999999999999998,27135
2021,0.038,27137
2021,0.03,27139
2021,0.035,27141
2021,0.036000000000000004,27143
2021,0.036000000000000004,27145
2021,0.033,27147
2021,0.024,27149
2021,0.037000000000000005,27151
2021,0.037000000000000005,27153
2021,0.031,27155
2021,0.03,27157
2021,0.045,27159
2021,0.039,27161
2021,0.028999999999999998,27163
2021,0.03,27165
2021,0.027999999999999997,27167
2021,0.028999999999999998,27169
2021,0.031,27171
2021,0.03,27173
2021,0.08199999999999999,28001
2021,0.048,28003
2021,0.073,28005
2021,0.06,28007
2021,0.064,28009
2021,0.069,28011
2021,0.052000000000000005,28013
2021,0.057999999999999996,28015
2021,0.063,28017
2021,0.048,28019
2021,0.11699999999999999,28021
2021,0.063,28023
2021,0.07200000000000001,28025
2021,0.08800000000000001,28027
2021,0.065,28029
2021,0.051,28031
2021,0.044000000000000004,28033
2021,0.057,28035
2021,0.068,28037
2021,0.07,28039
2021,0.076,28041
2021,0.05,28043
2021,0.057999999999999996,28045
2021,0.055,28047
2021,0.062,28049
2021,0.11,28051
2021,0.127,28053
2021,0.09300000000000001,28055
2021,0.043,28057
2021,0.06,28059
2021,0.073,28061
2021,0.166,28063
2021,0.077,28065
2021,0.057,28067
2021,0.07400000000000001,28069
2021,0.040999999999999995,28071
2021,0.040999999999999995,28073
2021,0.054000000000000006,28075
2021,0.069,28077
2021,0.055999999999999994,28079
2021,0.046,28081
2021,0.081,28083
2021,0.05,28085
2021,0.059000000000000004,28087
2021,0.043,28089
2021,0.053,28091
2021,0.057999999999999996,28093
2021,0.052000000000000005,28095
2021,0.061,28097
2021,0.055999999999999994,28099
2021,0.054000000000000006,28101
2021,0.08900000000000001,28103
2021,0.055,28105
2021,0.071,28107
2021,0.055999999999999994,28109
2021,0.065,28111
2021,0.071,28113
2021,0.044000000000000004,28115
2021,0.044000000000000004,28117
2021,0.085,28119
2021,0.036000000000000004,28121
2021,0.047,28123
2021,0.094,28125
2021,0.052000000000000005,28127
2021,0.045,28129
2021,0.054000000000000006,28131
2021,0.091,28133
2021,0.061,28135
2021,0.055999999999999994,28137
2021,0.046,28139
2021,0.046,28141
2021,0.08900000000000001,28143
2021,0.040999999999999995,28145
2021,0.069,28147
2021,0.062,28149
2021,0.08199999999999999,28151
2021,0.067,28153
2021,0.054000000000000006,28155
2021,0.111,28157
2021,0.062,28159
2021,0.055,28161
2021,0.073,28163
2021,0.043,29001
2021,0.03,29003
2021,0.032,29005
2021,0.037000000000000005,29007
2021,0.046,29009
2021,0.034,29011
2021,0.043,29013
2021,0.057,29015
2021,0.042,29017
2021,0.03,29019
2021,0.038,29021
2021,0.047,29023
2021,0.051,29025
2021,0.034,29027
2021,0.05,29029
2021,0.036000000000000004,29031
2021,0.044000000000000004,29033
2021,0.052000000000000005,29035
2021,0.039,29037
2021,0.037000000000000005,29039
2021,0.033,29041
2021,0.032,29043
2021,0.046,29045
2021,0.049,29047
2021,0.053,29049
2021,0.031,29051
2021,0.036000000000000004,29053
2021,0.045,29055
2021,0.033,29057
2021,0.043,29059
2021,0.038,29061
2021,0.038,29063
2021,0.043,29065
2021,0.043,29067
2021,0.061,29069
2021,0.04,29071
2021,0.036000000000000004,29073
2021,0.027000000000000003,29075
2021,0.034,29077
2021,0.036000000000000004,29079
2021,0.035,29081
2021,0.04,29083
2021,0.04,29085
2021,0.028999999999999998,29087
2021,0.032,29089
2021,0.048,29091
2021,0.057999999999999996,29093
2021,0.055,29095
2021,0.037000000000000005,29097
2021,0.040999999999999995,29099
2021,0.044000000000000004,29101
2021,0.031,29103
2021,0.043,29105
2021,0.043,29107
2021,0.04,29109
2021,0.035,29111
2021,0.046,29113
2021,0.054000000000000006,29115
2021,0.03,29117
2021,0.039,29119
2021,0.037000000000000005,29121
2021,0.044000000000000004,29123
2021,0.038,29125
2021,0.035,29127
2021,0.028999999999999998,29129
2021,0.040999999999999995,29131
2021,0.047,29133
2021,0.034,29135
2021,0.044000000000000004,29137
2021,0.037000000000000005,29139
2021,0.047,29141
2021,0.048,29143
2021,0.038,29145
2021,0.028999999999999998,29147
2021,0.053,29149
2021,0.026000000000000002,29151
2021,0.055,29153
2021,0.073,29155
2021,0.032,29157
2021,0.047,29159
2021,0.037000000000000005,29161
2021,0.039,29163
2021,0.04,29165
2021,0.035,29167
2021,0.044000000000000004,29169
2021,0.031,29171
2021,0.034,29173
2021,0.042,29175
2021,0.065,29177
2021,0.040999999999999995,29179
2021,0.055,29181
2021,0.035,29183
2021,0.045,29185
2021,0.034,29186
2021,0.048,29187
2021,0.045,29189
2021,0.035,29195
2021,0.043,29197
2021,0.026000000000000002,29199
2021,0.039,29201
2021,0.055999999999999994,29203
2021,0.033,29205
2021,0.045,29207
2021,0.066,29209
2021,0.049,29211
2021,0.075,29213
2021,0.046,29215
2021,0.034,29217
2021,0.040999999999999995,29219
2021,0.051,29221
2021,0.05,29223
2021,0.034,29225
2021,0.025,29227
2021,0.04,29229
2021,0.064,29510
2021,0.027999999999999997,30001
2021,0.078,30003
2021,0.038,30005
2021,0.04,30007
2021,0.034,30009
2021,0.026000000000000002,30011
2021,0.033,30013
2021,0.027000000000000003,30015
2021,0.031,30017
2021,0.019,30019
2021,0.031,30021
2021,0.033,30023
2021,0.026000000000000002,30025
2021,0.033,30027
2021,0.04,30029
2021,0.024,30031
2021,0.026000000000000002,30033
2021,0.07,30035
2021,0.035,30037
2021,0.044000000000000004,30039
2021,0.031,30041
2021,0.032,30043
2021,0.027000000000000003,30045
2021,0.038,30047
2021,0.03,30049
2021,0.024,30051
2021,0.06,30053
2021,0.018000000000000002,30055
2021,0.032,30057
2021,0.025,30059
2021,0.053,30061
2021,0.034,30063
2021,0.042,30065
2021,0.035,30067
2021,0.026000000000000002,30069
2021,0.038,30071
2021,0.032,30073
2021,0.027000000000000003,30075
2021,0.026000000000000002,30077
2021,0.036000000000000004,30079
2021,0.036000000000000004,30081
2021,0.04,30083
2021,0.042,30085
2021,0.04,30087
2021,0.048,30089
2021,0.033,30091
2021,0.036000000000000004,30093
2021,0.028999999999999998,30095
2021,0.024,30097
2021,0.031,30099
2021,0.026000000000000002,30101
2021,0.032,30103
2021,0.031,30105
2021,0.053,30107
2021,0.038,30109
2021,0.032,30111
2021,0.024,31001
2021,0.017,31003
2021,0.026000000000000002,31005
2021,0.021,31007
2021,0.024,31009
2021,0.016,31011
2021,0.024,31013
2021,0.02,31015
2021,0.023,31017
2021,0.02,31019
2021,0.024,31021
2021,0.022000000000000002,31023
2021,0.027000000000000003,31025
2021,0.018000000000000002,31027
2021,0.016,31029
2021,0.016,31031
2021,0.027999999999999997,31033
2021,0.023,31035
2021,0.019,31037
2021,0.017,31039
2021,0.016,31041
2021,0.03,31043
2021,0.019,31045
2021,0.021,31047
2021,0.021,31049
2021,0.021,31051
2021,0.024,31053
2021,0.03,31055
2021,0.016,31057
2021,0.019,31059
2021,0.022000000000000002,31061
2021,0.017,31063
2021,0.019,31065
2021,0.024,31067
2021,0.021,31069
2021,0.02,31071
2021,0.017,31073
2021,0.013999999999999999,31075
2021,0.019,31077
2021,0.028999999999999998,31079
2021,0.021,31081
2021,0.019,31083
2021,0.013000000000000001,31085
2021,0.023,31087
2021,0.017,31089
2021,0.016,31091
2021,0.022000000000000002,31093
2021,0.018000000000000002,31095
2021,0.028999999999999998,31097
2021,0.018000000000000002,31099
2021,0.02,31101
2021,0.017,31103
2021,0.022000000000000002,31105
2021,0.02,31107
2021,0.024,31109
2021,0.022000000000000002,31111
2021,0.017,31113
2021,0.02,31115
2021,0.016,31117
2021,0.024,31119
2021,0.023,31121
2021,0.025,31123
2021,0.019,31125
2021,0.022000000000000002,31127
2021,0.018000000000000002,31129
2021,0.023,31131
2021,0.018000000000000002,31133
2021,0.013999999999999999,31135
2021,0.017,31137
2021,0.021,31139
2021,0.021,31141
2021,0.019,31143
2021,0.02,31145
2021,0.024,31147
2021,0.013000000000000001,31149
2021,0.023,31151
2021,0.024,31153
2021,0.022000000000000002,31155
2021,0.027999999999999997,31157
2021,0.025,31159
2021,0.018000000000000002,31161
2021,0.021,31163
2021,0.018000000000000002,31165
2021,0.021,31167
2021,0.017,31169
2021,0.026000000000000002,31171
2021,0.033,31173
2021,0.021,31175
2021,0.023,31177
2021,0.019,31179
2021,0.02,31181
2021,0.012,31183
2021,0.019,31185
2021,0.035,32001
2021,0.083,32003
2021,0.045,32005
2021,0.033,32007
2021,0.038,32009
2021,0.026000000000000002,32011
2021,0.034,32013
2021,0.036000000000000004,32015
2021,0.034,32017
2021,0.052000000000000005,32019
2021,0.038,32021
2021,0.061,32023
2021,0.036000000000000004,32027
2021,0.046,32029
2021,0.043,32031
2021,0.03,32033
2021,0.048,32510
2021,0.037000000000000005,33001
2021,0.038,33003
2021,0.039,33005
2021,0.044000000000000004,33007
2021,0.033,33009
2021,0.036000000000000004,33011
2021,0.032,33013
2021,0.035,33015
2021,0.033,33017
2021,0.033,33019
2021,0.095,34001
2021,0.06,34003
2021,0.053,34005
2021,0.068,34007
2021,0.08900000000000001,34009
2021,0.077,34011
2021,0.08,34013
2021,0.06,34015
2021,0.068,34017
2021,0.046,34019
2021,0.052000000000000005,34021
2021,0.057,34023
2021,0.055,34025
2021,0.05,34027
2021,0.06,34029
2021,0.084,34031
2021,0.073,34033
2021,0.051,34035
2021,0.059000000000000004,34037
2021,0.067,34039
2021,0.055,34041
2021,0.062,35001
2021,0.062,35003
2021,0.071,35005
2021,0.09300000000000001,35006
2021,0.059000000000000004,35007
2021,0.049,35009
2021,0.051,35011
2021,0.066,35013
2021,0.064,35015
2021,0.073,35017
2021,0.07,35019
2021,0.046,35021
2021,0.054000000000000006,35023
2021,0.096,35025
2021,0.075,35027
2021,0.03,35028
2021,0.152,35029
2021,0.096,35031
2021,0.062,35033
2021,0.066,35035
2021,0.071,35037
2021,0.07,35039
2021,0.055999999999999994,35041
2021,0.066,35043
2021,0.08,35045
2021,0.073,35047
2021,0.062,35049
2021,0.081,35051
2021,0.063,35053
2021,0.08900000000000001,35055
2021,0.079,35057
2021,0.042,35059
2021,0.069,35061
2021,0.044000000000000004,36001
2021,0.05,36003
2021,0.136,36005
2021,0.052000000000000005,36007
2021,0.053,36009
2021,0.047,36011
2021,0.055999999999999994,36013
2021,0.053,36015
2021,0.044000000000000004,36017
2021,0.046,36019
2021,0.038,36021
2021,0.051,36023
2021,0.046,36025
2021,0.044000000000000004,36027
2021,0.055,36029
2021,0.047,36031
2021,0.047,36033
2021,0.055,36035
2021,0.043,36037
2021,0.049,36039
2021,0.044000000000000004,36041
2021,0.057999999999999996,36043
2021,0.05,36045
2021,0.10099999999999999,36047
2021,0.05,36049
2021,0.043,36051
2021,0.045,36053
2021,0.052000000000000005,36055
2021,0.057,36057
2021,0.045,36059
2021,0.076,36061
2021,0.057,36063
2021,0.051,36065
2021,0.049,36067
2021,0.043,36069
2021,0.047,36071
2021,0.052000000000000005,36073
2021,0.055,36075
2021,0.044000000000000004,36077
2021,0.042,36079
2021,0.096,36081
2021,0.044000000000000004,36083
2021,0.087,36085
2021,0.044000000000000004,36087
2021,0.051,36089
2021,0.038,36091
2021,0.049,36093
2021,0.045,36095
2021,0.049,36097
2021,0.047,36099
2021,0.05,36101
2021,0.046,36103
2021,0.049,36105
2021,0.044000000000000004,36107
2021,0.037000000000000005,36109
2021,0.047,36111
2021,0.049,36113
2021,0.046,36115
2021,0.045,36117
2021,0.048,36119
2021,0.045,36121
2021,0.038,36123
2021,0.048,37001
2021,0.042,37003
2021,0.046,37005
2021,0.063,37007
2021,0.04,37009
2021,0.039,37011
2021,0.048,37013
2021,0.059000000000000004,37015
2021,0.057999999999999996,37017
2021,0.06,37019
2021,0.042,37021
2021,0.045,37023
2021,0.044000000000000004,37025
2021,0.049,37027
2021,0.039,37029
2021,0.040999999999999995,37031
2021,0.053,37033
2021,0.047,37035
2021,0.036000000000000004,37037
2021,0.05,37039
2021,0.049,37041
2021,0.049,37043
2021,0.053,37045
2021,0.063,37047
2021,0.047,37049
2021,0.069,37051
2021,0.040999999999999995,37053
2021,0.06,37055
2021,0.045,37057
2021,0.043,37059
2021,0.044000000000000004,37061
2021,0.040999999999999995,37063
2021,0.085,37065
2021,0.049,37067
2021,0.047,37069
2021,0.052000000000000005,37071
2021,0.043,37073
2021,0.069,37075
2021,0.04,37077
2021,0.040999999999999995,37079
2021,0.055999999999999994,37081
2021,0.075,37083
2021,0.053,37085
2021,0.042,37087
2021,0.040999999999999995,37089
2021,0.065,37091
2021,0.064,37093
2021,0.065,37095
2021,0.046,37097
2021,0.045,37099
2021,0.042,37101
2021,0.042,37103
2021,0.054000000000000006,37105
2021,0.05,37107
2021,0.040999999999999995,37109
2021,0.045,37111
2021,0.042,37113
2021,0.043,37115
2021,0.055,37117
2021,0.049,37119
2021,0.051,37121
2021,0.047,37123
2021,0.046,37125
2021,0.063,37127
2021,0.042,37129
2021,0.062,37131
2021,0.051,37133
2021,0.035,37135
2021,0.043,37137
2021,0.054000000000000006,37139
2021,0.042,37141
2021,0.053,37143
2021,0.05,37145
2021,0.05,37147
2021,0.047,37149
2021,0.047,37151
2021,0.073,37153
2021,0.076,37155
2021,0.055,37157
2021,0.05,37159
2021,0.065,37161
2021,0.045,37163
2021,0.095,37165
2021,0.044000000000000004,37167
2021,0.042,37169
2021,0.044000000000000004,37171
2021,0.045,37173
2021,0.040999999999999995,37175
2021,0.07,37177
2021,0.039,37179
2021,0.079,37181
2021,0.04,37183
2021,0.077,37185
2021,0.069,37187
2021,0.037000000000000005,37189
2021,0.05,37191
2021,0.047,37193
2021,0.067,37195
2021,0.042,37197
2021,0.043,37199
2021,0.034,38001
2021,0.031,38003
2021,0.05,38005
2021,0.028999999999999998,38007
2021,0.048,38009
2021,0.025,38011
2021,0.043,38013
2021,0.031,38015
2021,0.028999999999999998,38017
2021,0.031,38019
2021,0.027000000000000003,38021
2021,0.024,38023
2021,0.033,38025
2021,0.04,38027
2021,0.046,38029
2021,0.027999999999999997,38031
2021,0.027000000000000003,38033
2021,0.032,38035
2021,0.027000000000000003,38037
2021,0.027999999999999997,38039
2021,0.032,38041
2021,0.052000000000000005,38043
2021,0.023,38045
2021,0.03,38047
2021,0.043,38049
2021,0.035,38051
2021,0.055,38053
2021,0.037000000000000005,38055
2021,0.047,38057
2021,0.038,38059
2021,0.035,38061
2021,0.037000000000000005,38063
2021,0.038,38065
2021,0.048,38067
2021,0.034,38069
2021,0.033,38071
2021,0.026000000000000002,38073
2021,0.034,38075
2021,0.027000000000000003,38077
2021,0.106,38079
2021,0.027000000000000003,38081
2021,0.053,38083
2021,0.035,38085
2021,0.027999999999999997,38087
2021,0.047,38089
2021,0.03,38091
2021,0.03,38093
2021,0.033,38095
2021,0.03,38097
2021,0.046,38099
2021,0.043,38101
2021,0.042,38103
2021,0.067,38105
2021,0.063,39001
2021,0.057,39003
2021,0.043,39005
2021,0.055,39007
2021,0.055999999999999994,39009
2021,0.037000000000000005,39011
2021,0.061,39013
2021,0.053,39015
2021,0.045,39017
2021,0.057,39019
2021,0.044000000000000004,39021
2021,0.053,39023
2021,0.043,39025
2021,0.055,39027
2021,0.057,39029
2021,0.057999999999999996,39031
2021,0.057999999999999996,39033
2021,0.065,39035
2021,0.039,39037
2021,0.047,39039
2021,0.036000000000000004,39041
2021,0.063,39043
2021,0.043,39045
2021,0.048,39047
2021,0.05,39049
2021,0.047,39051
2021,0.055999999999999994,39053
2021,0.040999999999999995,39055
2021,0.043,39057
2021,0.055999999999999994,39059
2021,0.049,39061
2021,0.040999999999999995,39063
2021,0.052000000000000005,39065
2021,0.062,39067
2021,0.052000000000000005,39069
2021,0.055999999999999994,39071
2021,0.048,39073
2021,0.027999999999999997,39075
2021,0.057999999999999996,39077
2021,0.061,39079
2021,0.065,39081
2021,0.04,39083
2021,0.051,39085
2021,0.051,39087
2021,0.040999999999999995,39089
2021,0.040999999999999995,39091
2021,0.057999999999999996,39093
2021,0.062,39095
2021,0.038,39097
2021,0.063,39099
2021,0.047,39101
2021,0.043,39103
2021,0.066,39105
2021,0.031,39107
2021,0.043,39109
2021,0.073,39111
2021,0.055999999999999994,39113
2021,0.062,39115
2021,0.045,39117
2021,0.051,39119
2021,0.068,39121
2021,0.061,39123
2021,0.043,39125
2021,0.055999999999999994,39127
2021,0.045,39129
2021,0.063,39131
2021,0.047,39133
2021,0.040999999999999995,39135
2021,0.034,39137
2021,0.055999999999999994,39139
2021,0.048,39141
2021,0.052000000000000005,39143
2021,0.062,39145
2021,0.047,39147
2021,0.042,39149
2021,0.052000000000000005,39151
2021,0.054000000000000006,39153
2021,0.064,39155
2021,0.046,39157
2021,0.035,39159
2021,0.039,39161
2021,0.062,39163
2021,0.04,39165
2021,0.055,39167
2021,0.036000000000000004,39169
2021,0.043,39171
2021,0.043,39173
2021,0.035,39175
2021,0.037000000000000005,40001
2021,0.023,40003
2021,0.047,40005
2021,0.017,40007
2021,0.043,40009
2021,0.03,40011
2021,0.033,40013
2021,0.037000000000000005,40015
2021,0.032,40017
2021,0.044000000000000004,40019
2021,0.040999999999999995,40021
2021,0.052000000000000005,40023
2021,0.018000000000000002,40025
2021,0.032,40027
2021,0.045,40029
2021,0.040999999999999995,40031
2021,0.040999999999999995,40033
2021,0.036000000000000004,40035
2021,0.042,40037
2021,0.032,40039
2021,0.033,40041
2021,0.027000000000000003,40043
2021,0.027999999999999997,40045
2021,0.034,40047
2021,0.038,40049
2021,0.035,40051
2021,0.025,40053
2021,0.051,40055
2021,0.025,40057
2021,0.025,40059
2021,0.052000000000000005,40061
2021,0.052000000000000005,40063
2021,0.027999999999999997,40065
2021,0.04,40067
2021,0.046,40069
2021,0.043,40071
2021,0.026000000000000002,40073
2021,0.033,40075
2021,0.073,40077
2021,0.047,40079
2021,0.035,40081
2021,0.033,40083
2021,0.026000000000000002,40085
2021,0.031,40087
2021,0.044000000000000004,40089
2021,0.061,40091
2021,0.031,40093
2021,0.037000000000000005,40095
2021,0.037000000000000005,40097
2021,0.039,40099
2021,0.043,40101
2021,0.025,40103
2021,0.035,40105
2021,0.049,40107
2021,0.040999999999999995,40109
2021,0.052000000000000005,40111
2021,0.042,40113
2021,0.032,40115
2021,0.040999999999999995,40117
2021,0.032,40119
2021,0.052000000000000005,40121
2021,0.033,40123
2021,0.039,40125
2021,0.042,40127
2021,0.028999999999999998,40129
2021,0.035,40131
2021,0.051,40133
2021,0.043,40135
2021,0.045,40137
2021,0.018000000000000002,40139
2021,0.042,40141
2021,0.04,40143
2021,0.035,40145
2021,0.038,40147
2021,0.043,40149
2021,0.021,40151
2021,0.042,40153
2021,0.051,41001
2021,0.039,41003
2021,0.048,41005
2021,0.06,41007
2021,0.057999999999999996,41009
2021,0.063,41011
2021,0.067,41013
2021,0.067,41015
2021,0.053,41017
2021,0.057999999999999996,41019
2021,0.048,41021
2021,0.067,41023
2021,0.051,41025
2021,0.045,41027
2021,0.054000000000000006,41029
2021,0.065,41031
2021,0.062,41033
2021,0.067,41035
2021,0.055,41037
2021,0.055,41039
2021,0.068,41041
2021,0.055999999999999994,41043
2021,0.044000000000000004,41045
2021,0.051,41047
2021,0.046,41049
2021,0.055999999999999994,41051
2021,0.048,41053
2021,0.043,41055
2021,0.055,41057
2021,0.052000000000000005,41059
2021,0.055999999999999994,41061
2021,0.054000000000000006,41063
2021,0.052000000000000005,41065
2021,0.044000000000000004,41067
2021,0.033,41069
2021,0.047,41071
2021,0.044000000000000004,42001
2021,0.061,42003
2021,0.076,42005
2021,0.07200000000000001,42007
2021,0.059000000000000004,42009
2021,0.066,42011
2021,0.06,42013
2021,0.055999999999999994,42015
2021,0.053,42017
2021,0.055999999999999994,42019
2021,0.07,42021
2021,0.077,42023
2021,0.067,42025
2021,0.046,42027
2021,0.042,42029
2021,0.065,42031
2021,0.07,42033
2021,0.067,42035
2021,0.059000000000000004,42037
2021,0.067,42039
2021,0.046,42041
2021,0.063,42043
2021,0.063,42045
2021,0.069,42047
2021,0.073,42049
2021,0.087,42051
2021,0.083,42053
2021,0.051,42055
2021,0.063,42057
2021,0.073,42059
2021,0.073,42061
2021,0.071,42063
2021,0.065,42065
2021,0.05,42067
2021,0.069,42069
2021,0.049,42071
2021,0.076,42073
2021,0.055,42075
2021,0.068,42077
2021,0.083,42079
2021,0.067,42081
2021,0.069,42083
2021,0.071,42085
2021,0.061,42087
2021,0.077,42089
2021,0.05,42091
2021,0.044000000000000004,42093
2021,0.059000000000000004,42095
2021,0.068,42097
2021,0.047,42099
2021,0.092,42101
2021,0.073,42103
2021,0.068,42105
2021,0.068,42107
2021,0.052000000000000005,42109
2021,0.067,42111
2021,0.07400000000000001,42113
2021,0.055,42115
2021,0.066,42117
2021,0.047,42119
2021,0.068,42121
2021,0.067,42123
2021,0.066,42125
2021,0.066,42127
2021,0.063,42129
2021,0.063,42131
2021,0.054000000000000006,42133
2021,0.047,44001
2021,0.052000000000000005,44003
2021,0.049,44005
2021,0.06,44007
2021,0.049,44009
2021,0.045,45001
2021,0.034,45003
2021,0.078,45005
2021,0.037000000000000005,45007
2021,0.075,45009
2021,0.065,45011
2021,0.035,45013
2021,0.036000000000000004,45015
2021,0.045,45017
2021,0.036000000000000004,45019
2021,0.051,45021
2021,0.059000000000000004,45023
2021,0.045,45025
2021,0.049,45027
2021,0.044000000000000004,45029
2021,0.045,45031
2021,0.057999999999999996,45033
2021,0.036000000000000004,45035
2021,0.034,45037
2021,0.057999999999999996,45039
2021,0.040999999999999995,45041
2021,0.048,45043
2021,0.034,45045
2021,0.045,45047
2021,0.036000000000000004,45049
2021,0.051,45051
2021,0.034,45053
2021,0.037000000000000005,45055
2021,0.044000000000000004,45057
2021,0.043,45059
2021,0.055999999999999994,45061
2021,0.03,45063
2021,0.048,45065
2021,0.066,45067
2021,0.078,45069
2021,0.033,45071
2021,0.036000000000000004,45073
2021,0.071,45075
2021,0.035,45077
2021,0.040999999999999995,45079
2021,0.031,45081
2021,0.04,45083
2021,0.046,45085
2021,0.065,45087
2021,0.061,45089
2021,0.037000000000000005,45091
2021,0.024,46003
2021,0.027999999999999997,46005
2021,0.043,46007
2021,0.027999999999999997,46009
2021,0.032,46011
2021,0.03,46013
2021,0.025,46015
2021,0.054000000000000006,46017
2021,0.034,46019
2021,0.034,46021
2021,0.037000000000000005,46023
2021,0.037000000000000005,46025
2021,0.03,46027
2021,0.031,46029
2021,0.047,46031
2021,0.04,46033
2021,0.027999999999999997,46035
2021,0.043,46037
2021,0.042,46039
2021,0.059000000000000004,46041
2021,0.025,46043
2021,0.027000000000000003,46045
2021,0.04,46047
2021,0.027000000000000003,46049
2021,0.034,46051
2021,0.027999999999999997,46053
2021,0.027999999999999997,46055
2021,0.024,46057
2021,0.025,46059
2021,0.04,46061
2021,0.027999999999999997,46063
2021,0.024,46065
2021,0.031,46067
2021,0.026000000000000002,46069
2021,0.044000000000000004,46071
2021,0.022000000000000002,46073
2021,0.034,46075
2021,0.028999999999999998,46077
2021,0.03,46079
2021,0.03,46081
2021,0.024,46083
2021,0.044000000000000004,46085
2021,0.027999999999999997,46087
2021,0.042,46089
2021,0.035,46091
2021,0.03,46093
2021,0.045,46095
2021,0.031,46097
2021,0.028999999999999998,46099
2021,0.027999999999999997,46101
2021,0.087,46102
2021,0.032,46103
2021,0.031,46105
2021,0.03,46107
2021,0.046,46109
2021,0.03,46111
2021,0.032,46115
2021,0.03,46117
2021,0.038,46119
2021,0.048,46121
2021,0.024,46123
2021,0.027000000000000003,46125
2021,0.036000000000000004,46127
2021,0.055,46129
2021,0.027000000000000003,46135
2021,0.045,46137
2021,0.038,47001
2021,0.040999999999999995,47003
2021,0.048,47005
2021,0.052000000000000005,47007
2021,0.034,47009
2021,0.040999999999999995,47011
2021,0.048,47013
2021,0.034,47015
2021,0.046,47017
2021,0.042,47019
2021,0.031,47021
2021,0.033,47023
2021,0.040999999999999995,47025
2021,0.053,47027
2021,0.055,47029
2021,0.040999999999999995,47031
2021,0.036000000000000004,47033
2021,0.048,47035
2021,0.042,47037
2021,0.057,47039
2021,0.045,47041
2021,0.034,47043
2021,0.046,47045
2021,0.040999999999999995,47047
2021,0.04,47049
2021,0.038,47051
2021,0.043,47053
2021,0.043,47055
2021,0.042,47057
2021,0.044000000000000004,47059
2021,0.054000000000000006,47061
2021,0.04,47063
2021,0.04,47065
2021,0.048,47067
2021,0.06,47069
2021,0.045,47071
2021,0.044000000000000004,47073
2021,0.059000000000000004,47075
2021,0.044000000000000004,47077
2021,0.04,47079
2021,0.035,47081
2021,0.048,47083
2021,0.039,47085
2021,0.043,47087
2021,0.040999999999999995,47089
2021,0.035,47091
2021,0.033,47093
2021,0.06,47095
2021,0.06,47097
2021,0.043,47099
2021,0.047,47101
2021,0.040999999999999995,47103
2021,0.034,47105
2021,0.045,47107
2021,0.053,47109
2021,0.037000000000000005,47111
2021,0.045,47113
2021,0.043,47115
2021,0.045,47117
2021,0.047,47119
2021,0.049,47121
2021,0.038,47123
2021,0.045,47125
2021,0.026000000000000002,47127
2021,0.043,47129
2021,0.047,47131
2021,0.036000000000000004,47133
2021,0.07200000000000001,47135
2021,0.038,47137
2021,0.040999999999999995,47139
2021,0.037000000000000005,47141
2021,0.048,47143
2021,0.04,47145
2021,0.033,47147
2021,0.034,47149
2021,0.051,47151
2021,0.044000000000000004,47153
2021,0.039,47155
2021,0.068,47157
2021,0.033,47159
2021,0.040999999999999995,47161
2021,0.042,47163
2021,0.033,47165
2021,0.043,47167
2021,0.037000000000000005,47169
2021,0.049,47171
2021,0.04,47173
2021,0.05,47175
2021,0.047,47177
2021,0.036000000000000004,47179
2021,0.040999999999999995,47181
2021,0.038,47183
2021,0.039,47185
2021,0.025,47187
2021,0.032,47189
2021,0.048,48001
2021,0.059000000000000004,48003
2021,0.065,48005
2021,0.073,48007
2021,0.042,48009
2021,0.036000000000000004,48011
2021,0.062,48013
2021,0.055,48015
2021,0.049,48017
2021,0.047,48019
2021,0.045,48021
2021,0.034,48023
2021,0.087,48025
2021,0.057,48027
2021,0.054000000000000006,48029
2021,0.033,48031
2021,0.024,48033
2021,0.046,48035
2021,0.057999999999999996,48037
2021,0.069,48039
2021,0.040999999999999995,48041
2021,0.045,48043
2021,0.047,48045
2021,0.092,48047
2021,0.052000000000000005,48049
2021,0.05,48051
2021,0.037000000000000005,48053
2021,0.049,48055
2021,0.049,48057
2021,0.046,48059
2021,0.08199999999999999,48061
2021,0.059000000000000004,48063
2021,0.039,48065
2021,0.067,48067
2021,0.035,48069
2021,0.083,48071
2021,0.064,48073
2021,0.036000000000000004,48075
2021,0.049,48077
2021,0.063,48079
2021,0.048,48081
2021,0.06,48083
2021,0.043,48085
2021,0.043,48087
2021,0.048,48089
2021,0.045,48091
2021,0.046,48093
2021,0.042,48095
2021,0.05,48097
2021,0.057,48099
2021,0.046,48101
2021,0.096,48103
2021,0.067,48105
2021,0.055999999999999994,48107
2021,0.048,48109
2021,0.026000000000000002,48111
2021,0.055999999999999994,48113
2021,0.07,48115
2021,0.037000000000000005,48117
2021,0.049,48119
2021,0.044000000000000004,48121
2021,0.048,48123
2021,0.051,48125
2021,0.057,48127
2021,0.040999999999999995,48129
2021,0.083,48131
2021,0.057999999999999996,48133
2021,0.083,48135
2021,0.043,48137
2021,0.045,48139
2021,0.062,48141
2021,0.045,48143
2021,0.053,48145
2021,0.04,48147
2021,0.043,48149
2021,0.042,48151
2021,0.057999999999999996,48153
2021,0.034,48155
2021,0.059000000000000004,48157
2021,0.044000000000000004,48159
2021,0.07200000000000001,48161
2021,0.048,48163
2021,0.046,48165
2021,0.067,48167
2021,0.05,48169
2021,0.033,48171
2021,0.028999999999999998,48173
2021,0.066,48175
2021,0.043,48177
2021,0.067,48179
2021,0.046,48181
2021,0.065,48183
2021,0.067,48185
2021,0.044000000000000004,48187
2021,0.061,48189
2021,0.054000000000000006,48191
2021,0.040999999999999995,48193
2021,0.03,48195
2021,0.043,48197
2021,0.08,48199
2021,0.065,48201
2021,0.066,48203
2021,0.021,48205
2021,0.039,48207
2021,0.040999999999999995,48209
2021,0.043,48211
2021,0.051,48213
2021,0.09300000000000001,48215
2021,0.05,48217
2021,0.06,48219
2021,0.052000000000000005,48221
2021,0.043,48223
2021,0.048,48225
2021,0.065,48227
2021,0.057999999999999996,48229
2021,0.051,48231
2021,0.06,48233
2021,0.049,48235
2021,0.055,48237
2021,0.05,48239
2021,0.09699999999999999,48241
2021,0.043,48243
2021,0.1,48245
2021,0.08800000000000001,48247
2021,0.102,48249
2021,0.049,48251
2021,0.062,48253
2021,0.052000000000000005,48255
2021,0.049,48257
2021,0.038,48259
2021,0.06,48261
2021,0.028999999999999998,48263
2021,0.045,48265
2021,0.040999999999999995,48267
2021,0.009000000000000001,48269
2021,0.055,48271
2021,0.071,48273
2021,0.047,48275
2021,0.055,48277
2021,0.05,48279
2021,0.048,48281
2021,0.043,48283
2021,0.045,48285
2021,0.043,48287
2021,0.071,48289
2021,0.092,48291
2021,0.062,48293
2021,0.037000000000000005,48295
2021,0.068,48297
2021,0.048,48299
2021,0.009000000000000001,48301
2021,0.045,48303
2021,0.043,48305
2021,0.065,48307
2021,0.049,48309
2021,0.023,48311
2021,0.062,48313
2021,0.069,48315
2021,0.048,48317
2021,0.047,48319
2021,0.083,48321
2021,0.127,48323
2021,0.05,48325
2021,0.048,48327
2021,0.057,48329
2021,0.057999999999999996,48331
2021,0.044000000000000004,48333
2021,0.071,48335
2021,0.051,48337
2021,0.057999999999999996,48339
2021,0.033,48341
2021,0.105,48343
2021,0.051,48345
2021,0.055,48347
2021,0.051,48349
2021,0.10400000000000001,48351
2021,0.048,48353
2021,0.069,48355
2021,0.046,48357
2021,0.035,48359
2021,0.09,48361
2021,0.057,48363
2021,0.067,48365
2021,0.044000000000000004,48367
2021,0.028999999999999998,48369
2021,0.071,48371
2021,0.08,48373
2021,0.043,48375
2021,0.105,48377
2021,0.039,48379
2021,0.035,48381
2021,0.077,48383
2021,0.059000000000000004,48385
2021,0.059000000000000004,48387
2021,0.059000000000000004,48389
2021,0.067,48391
2021,0.043,48393
2021,0.053,48395
2021,0.043,48397
2021,0.040999999999999995,48399
2021,0.06,48401
2021,0.095,48403
2021,0.08199999999999999,48405
2021,0.07400000000000001,48407
2021,0.08800000000000001,48409
2021,0.047,48411
2021,0.055,48413
2021,0.067,48415
2021,0.04,48417
2021,0.054000000000000006,48419
2021,0.03,48421
2021,0.051,48423
2021,0.052000000000000005,48425
2021,0.162,48427
2021,0.049,48429
2021,0.051,48431
2021,0.040999999999999995,48433
2021,0.083,48435
2021,0.049,48437
2021,0.053,48439
2021,0.043,48441
2021,0.036000000000000004,48443
2021,0.061,48445
2021,0.027999999999999997,48447
2021,0.054000000000000006,48449
2021,0.049,48451
2021,0.04,48453
2021,0.073,48455
2021,0.085,48457
2021,0.063,48459
2021,0.052000000000000005,48461
2021,0.055,48463
2021,0.059000000000000004,48465
2021,0.047,48467
2021,0.064,48469
2021,0.063,48471
2021,0.064,48473
2021,0.07200000000000001,48475
2021,0.052000000000000005,48477
2021,0.063,48479
2021,0.057,48481
2021,0.062,48483
2021,0.053,48485
2021,0.066,48487
2021,0.105,48489
2021,0.04,48491
2021,0.044000000000000004,48493
2021,0.077,48495
2021,0.049,48497
2021,0.055999999999999994,48499
2021,0.078,48501
2021,0.045,48503
2021,0.121,48505
2021,0.127,48507
2021,0.027999999999999997,49001
2021,0.024,49003
2021,0.02,49005
2021,0.039,49007
2021,0.036000000000000004,49009
2021,0.024,49011
2021,0.049,49013
2021,0.039,49015
2021,0.065,49017
2021,0.044000000000000004,49019
2021,0.027999999999999997,49021
2021,0.02,49023
2021,0.028999999999999998,49025
2021,0.024,49027
2021,0.021,49029
2021,0.044000000000000004,49031
2021,0.023,49033
2021,0.027999999999999997,49035
2021,0.063,49037
2021,0.027999999999999997,49039
2021,0.033,49041
2021,0.028999999999999998,49043
2021,0.028999999999999998,49045
2021,0.055999999999999994,49047
2021,0.023,49049
2021,0.028999999999999998,49051
2021,0.028999999999999998,49053
2021,0.047,49055
2021,0.028999999999999998,49057
2021,0.027999999999999997,50001
2021,0.043,50003
2021,0.037000000000000005,50005
2021,0.027999999999999997,50007
2021,0.048,50009
2021,0.035,50011
2021,0.039,50013
2021,0.04,50015
2021,0.032,50017
2021,0.046,50019
2021,0.042,50021
2021,0.03,50023
2021,0.044000000000000004,50025
2021,0.033,50027
2021,0.043,51001
2021,0.032,51003
2021,0.040999999999999995,51005
2021,0.036000000000000004,51007
2021,0.037000000000000005,51009
2021,0.039,51011
2021,0.03,51013
2021,0.031,51015
2021,0.046,51017
2021,0.034,51019
2021,0.034,51021
2021,0.03,51023
2021,0.063,51025
2021,0.067,51027
2021,0.053,51029
2021,0.038,51031
2021,0.043,51033
2021,0.040999999999999995,51035
2021,0.044000000000000004,51036
2021,0.037000000000000005,51037
2021,0.036000000000000004,51041
2021,0.031,51043
2021,0.033,51045
2021,0.032,51047
2021,0.043,51049
2021,0.053,51051
2021,0.045,51053
2021,0.048,51057
2021,0.035,51059
2021,0.03,51061
2021,0.031,51063
2021,0.033,51065
2021,0.035,51067
2021,0.028999999999999998,51069
2021,0.035,51071
2021,0.034,51073
2021,0.031,51075
2021,0.033,51077
2021,0.03,51079
2021,0.049,51081
2021,0.048,51083
2021,0.03,51085
2021,0.04,51087
2021,0.047,51089
2021,0.028999999999999998,51091
2021,0.035,51093
2021,0.04,51095
2021,0.031,51097
2021,0.028999999999999998,51099
2021,0.033,51101
2021,0.053,51103
2021,0.04,51105
2021,0.031,51107
2021,0.034,51109
2021,0.038,51111
2021,0.025,51113
2021,0.032,51115
2021,0.047,51117
2021,0.034,51119
2021,0.03,51121
2021,0.035,51125
2021,0.03,51127
2021,0.054000000000000006,51131
2021,0.049,51133
2021,0.037000000000000005,51135
2021,0.036000000000000004,51137
2021,0.046,51139
2021,0.045,51141
2021,0.04,51143
2021,0.028999999999999998,51145
2021,0.048,51147
2021,0.045,51149
2021,0.04,51153
2021,0.04,51155
2021,0.028999999999999998,51157
2021,0.035,51159
2021,0.031,51161
2021,0.037000000000000005,51163
2021,0.028999999999999998,51165
2021,0.043,51167
2021,0.036000000000000004,51169
2021,0.036000000000000004,51171
2021,0.04,51173
2021,0.035,51175
2021,0.038,51177
2021,0.036000000000000004,51179
2021,0.038,51181
2021,0.065,51183
2021,0.052000000000000005,51185
2021,0.035,51187
2021,0.036000000000000004,51191
2021,0.044000000000000004,51193
2021,0.052000000000000005,51195
2021,0.04,51197
2021,0.033,51199
2021,0.038,51510
2021,0.047,51520
2021,0.039,51530
2021,0.037000000000000005,51540
2021,0.038,51550
2021,0.048,51570
2021,0.057999999999999996,51580
2021,0.065,51590
2021,0.078,51595
2021,0.034,51600
2021,0.026000000000000002,51610
2021,0.069,51620
2021,0.047,51630
2021,0.040999999999999995,51640
2021,0.057,51650
2021,0.04,51660
2021,0.075,51670
2021,0.049,51678
2021,0.051,51680
2021,0.039,51683
2021,0.038,51685
2021,0.075,51690
2021,0.055999999999999994,51700
2021,0.057,51710
2021,0.049,51720
2021,0.105,51730
2021,0.027999999999999997,51735
2021,0.067,51740
2021,0.040999999999999995,51750
2021,0.055,51760
2021,0.048,51770
2021,0.036000000000000004,51775
2021,0.038,51790
2021,0.044000000000000004,51800
2021,0.037000000000000005,51810
2021,0.040999999999999995,51820
2021,0.049,51830
2021,0.035,51840
2021,0.055,53001
2021,0.037000000000000005,53003
2021,0.055999999999999994,53005
2021,0.053,53007
2021,0.065,53009
2021,0.055,53011
2021,0.052000000000000005,53013
2021,0.064,53015
2021,0.055,53017
2021,0.08900000000000001,53019
2021,0.066,53021
2021,0.057999999999999996,53023
2021,0.066,53025
2021,0.078,53027
2021,0.055999999999999994,53029
2021,0.062,53031
2021,0.043,53033
2021,0.05,53035
2021,0.063,53037
2021,0.06,53039
2021,0.063,53041
2021,0.049,53043
2021,0.07,53045
2021,0.066,53047
2021,0.079,53049
2021,0.076,53051
2021,0.061,53053
2021,0.05,53055
2021,0.063,53057
2021,0.064,53059
2021,0.05,53061
2021,0.054000000000000006,53063
2021,0.067,53065
2021,0.052000000000000005,53067
2021,0.066,53069
2021,0.046,53071
2021,0.06,53073
2021,0.045,53075
2021,0.07,53077
2021,0.053,54001
2021,0.036000000000000004,54003
2021,0.061,54005
2021,0.067,54007
2021,0.061,54009
2021,0.046,54011
2021,0.10300000000000001,54013
2021,0.077,54015
2021,0.040999999999999995,54017
2021,0.062,54019
2021,0.069,54021
2021,0.045,54023
2021,0.045,54025
2021,0.034,54027
2021,0.063,54029
2021,0.049,54031
2021,0.047,54033
2021,0.057,54035
2021,0.031,54037
2021,0.052000000000000005,54039
2021,0.07,54041
2021,0.066,54043
2021,0.066,54045
2021,0.08199999999999999,54047
2021,0.052000000000000005,54049
2021,0.062,54051
2021,0.055,54053
2021,0.06,54055
2021,0.047,54057
2021,0.09,54059
2021,0.039,54061
2021,0.036000000000000004,54063
2021,0.035,54065
2021,0.06,54067
2021,0.051,54069
2021,0.03,54071
2021,0.07200000000000001,54073
2021,0.05,54075
2021,0.045,54077
2021,0.042,54079
2021,0.052000000000000005,54081
2021,0.055999999999999994,54083
2021,0.055999999999999994,54085
2021,0.085,54087
2021,0.047,54089
2021,0.046,54091
2021,0.054000000000000006,54093
2021,0.08,54095
2021,0.062,54097
2021,0.051,54099
2021,0.062,54101
2021,0.067,54103
2021,0.076,54105
2021,0.053,54107
2021,0.057999999999999996,54109
2021,0.062,55001
2021,0.05,55003
2021,0.039,55005
2021,0.057,55007
2021,0.034,55009
2021,0.042,55011
2021,0.053,55013
2021,0.027999999999999997,55015
2021,0.039,55017
2021,0.032,55019
2021,0.034,55021
2021,0.044000000000000004,55023
2021,0.027999999999999997,55025
2021,0.032,55027
2021,0.044000000000000004,55029
2021,0.044000000000000004,55031
2021,0.036000000000000004,55033
2021,0.032,55035
2021,0.048,55037
2021,0.032,55039
2021,0.067,55041
2021,0.03,55043
2021,0.03,55045
2021,0.043,55047
2021,0.034,55049
2021,0.064,55051
2021,0.052000000000000005,55053
2021,0.033,55055
2021,0.043,55057
2021,0.043,55059
2021,0.027999999999999997,55061
2021,0.03,55063
2021,0.026000000000000002,55065
2021,0.045,55067
2021,0.037000000000000005,55069
2021,0.034,55071
2021,0.03,55073
2021,0.044000000000000004,55075
2021,0.044000000000000004,55077
2021,0.086,55078
2021,0.054000000000000006,55079
2021,0.032,55081
2021,0.037000000000000005,55083
2021,0.043,55085
2021,0.031,55087
2021,0.031,55089
2021,0.034,55091
2021,0.034,55093
2021,0.042,55095
2021,0.035,55097
2021,0.042,55099
2021,0.047,55101
2021,0.035,55103
2021,0.044000000000000004,55105
2021,0.044000000000000004,55107
2021,0.034,55109
2021,0.04,55111
2021,0.051,55113
2021,0.037000000000000005,55115
2021,0.031,55117
2021,0.033,55119
2021,0.037000000000000005,55121
2021,0.032,55123
2021,0.047,55125
2021,0.036000000000000004,55127
2021,0.045,55129
2021,0.031,55131
2021,0.031,55133
2021,0.035,55135
2021,0.042,55137
2021,0.032,55139
2021,0.044000000000000004,55141
2021,0.033,56001
2021,0.044000000000000004,56003
2021,0.053,56005
2021,0.039,56007
2021,0.049,56009
2021,0.034,56011
2021,0.047,56013
2021,0.035,56015
2021,0.039,56017
2021,0.040999999999999995,56019
2021,0.04,56021
2021,0.038,56023
2021,0.061,56025
2021,0.036000000000000004,56027
2021,0.040999999999999995,56029
2021,0.04,56031
2021,0.042,56033
2021,0.055999999999999994,56035
2021,0.055999999999999994,56037
2021,0.032,56039
2021,0.05,56041
2021,0.04,56043
2021,0.032,56045
2021,0.114,72001
2021,0.087,72003
2021,0.092,72005
2021,0.092,72007
2021,0.084,72009
2021,0.079,72011
2021,0.084,72013
2021,0.091,72015
2021,0.10099999999999999,72017
2021,0.084,72019
2021,0.075,72021
2021,0.084,72023
2021,0.068,72025
2021,0.075,72027
2021,0.07200000000000001,72029
2021,0.07200000000000001,72031
2021,0.08199999999999999,72033
2021,0.06,72035
2021,0.09,72037
2021,0.11699999999999999,72039
2021,0.057,72041
2021,0.09,72043
2021,0.091,72045
2021,0.102,72047
2021,0.062,72049
2021,0.06,72051
2021,0.094,72053
2021,0.10300000000000001,72054
2021,0.13699999999999998,72055
2021,0.077,72057
2021,0.109,72059
2021,0.046,72061
2021,0.052000000000000005,72063
2021,0.078,72065
2021,0.08800000000000001,72067
2021,0.08,72069
2021,0.081,72071
2021,0.126,72073
2021,0.07400000000000001,72075
2021,0.083,72077
2021,0.124,72079
2021,0.13699999999999998,72081
2021,0.11900000000000001,72083
2021,0.076,72085
2021,0.08800000000000001,72087
2021,0.08900000000000001,72089
2021,0.076,72091
2021,0.121,72093
2021,0.115,72095
2021,0.087,72097
2021,0.094,72099
2021,0.091,72101
2021,0.07400000000000001,72103
2021,0.105,72105
2021,0.10099999999999999,72107
2021,0.11,72109
2021,0.109,72111
2021,0.08900000000000001,72113
2021,0.091,72115
2021,0.087,72117
2021,0.083,72119
2021,0.10099999999999999,72121
2021,0.10400000000000001,72123
2021,0.095,72125
2021,0.066,72127
2021,0.077,72129
2021,0.12,72131
2021,0.092,72133
2021,0.064,72135
2021,0.068,72137
2021,0.055999999999999994,72139
2021,0.09300000000000001,72141
2021,0.092,72143
2021,0.102,72145
2021,0.12300000000000001,72147
2021,0.11599999999999999,72149
2021,0.10300000000000001,72151
2021,0.11699999999999999,72153
,,
,,
,,
